{
  "formatVersion": 3,
  "id": "root",
  "ideas": {
    "1": {
      "title": "appJar",
      "id": 1,
      "ideas": {
        "6": {
          "title": "splash screen",
          "id": 10,
          "attr": {
            "position": [
              18.937499999999773,
              -536.3125,
              26
            ],
            "style": {
              "background": "#0000FF"
            }
          }
        },
        "21": {
          "title": "sounds",
          "id": 6,
          "ideas": {
            "1": {
              "title": "WAV",
              "id": 58
            },
            "2": {
              "title": "built-in",
              "id": 59
            },
            "3": {
              "title": "notes",
              "id": 60
            }
          },
          "attr": {
            "position": [
              57.99999999999977,
              213.68749999999977,
              27
            ],
            "style": {
              "background": "#999999"
            }
          }
        },
        "-5": {
          "title": "pop-ups",
          "id": 8,
          "attr": {
            "position": [
              278.3125000000001,
              -88.75,
              20
            ],
            "style": {
              "background": "#FFFF00"
            }
          },
          "ideas": {
            "1": {
              "title": "messageBox",
              "id": 30,
              "ideas": {
                "1": {
                  "title": "infoBox",
                  "id": 34,
                  "attr": {
                    "style": {
                      "background": "#FFFF99"
                    }
                  }
                },
                "2": {
                  "title": "errorBox",
                  "id": 35,
                  "attr": {
                    "style": {
                      "background": "#FFFF99"
                    }
                  }
                },
                "3": {
                  "title": "warningBox",
                  "id": 36,
                  "attr": {
                    "style": {
                      "background": "#FFFF99"
                    }
                  }
                }
              },
              "attr": {
                "style": {
                  "background": "#FFFF99"
                }
              }
            },
            "2": {
              "title": "questionBox",
              "id": 31,
              "ideas": {
                "1": {
                  "title": "yesNoBox",
                  "id": 38,
                  "attr": {
                    "style": {
                      "background": "#FFFF99"
                    }
                  }
                },
                "2": {
                  "title": "questionBox",
                  "id": 39,
                  "attr": {
                    "style": {
                      "background": "#FFFF99"
                    }
                  }
                },
                "3": {
                  "title": "okBox",
                  "id": 40,
                  "attr": {
                    "style": {
                      "background": "#FFFF99"
                    }
                  }
                },
                "4": {
                  "title": "retryBox",
                  "id": 41,
                  "attr": {
                    "style": {
                      "background": "#FFFF99"
                    }
                  }
                },
                "5": {
                  "title": "textBox",
                  "id": 42,
                  "attr": {
                    "style": {
                      "background": "#FFFF99"
                    }
                  }
                },
                "6": {
                  "title": "numberBox",
                  "id": 43,
                  "attr": {
                    "style": {
                      "background": "#FFFF99"
                    }
                  }
                }
              },
              "attr": {
                "style": {
                  "background": "#FFFF99"
                }
              }
            },
            "3": {
              "title": "fileBox",
              "id": 32,
              "ideas": {
                "1": {
                  "title": "openBox",
                  "id": 44,
                  "attr": {
                    "style": {
                      "background": "#FFFF99"
                    }
                  }
                },
                "2": {
                  "title": "saveBox",
                  "id": 45,
                  "attr": {
                    "style": {
                      "background": "#FFFF99"
                    }
                  }
                },
                "3": {
                  "title": "directoryBox",
                  "id": 46,
                  "attr": {
                    "style": {
                      "background": "#FFFF99"
                    }
                  }
                }
              },
              "attr": {
                "style": {
                  "background": "#FFFF99"
                }
              }
            },
            "4": {
              "title": "colourBox",
              "id": 33,
              "attr": {
                "style": {
                  "background": "#FFFF99"
                }
              }
            }
          }
        },
        "-1.875": {
          "title": "bars",
          "id": 7,
          "attr": {
            "position": [
              126.87500000000023,
              -195,
              22
            ],
            "style": {
              "background": "#800080"
            }
          },
          "ideas": {
            "1": {
              "title": "toolbar",
              "id": 27,
              "attr": {
                "style": {
                  "background": "#FF00FF"
                }
              }
            },
            "2": {
              "title": "statusbar",
              "id": 28,
              "attr": {
                "style": {
                  "background": "#FF00FF"
                }
              }
            },
            "3": {
              "title": "menubar",
              "id": 29,
              "attr": {
                "style": {
                  "background": "#FF00FF"
                }
              }
            }
          }
        },
        "-15": {
          "title": "containers",
          "id": 11,
          "attr": {
            "position": [
              79.50000000000023,
              108.125,
              21
            ],
            "style": {
              "background": "#0000FF"
            }
          },
          "ideas": {
            "1": {
              "title": "labelFrame",
              "id": 47,
              "attr": {
                "style": {
                  "background": "#00CCFF"
                }
              }
            },
            "2": {
              "title": "toggleFrame",
              "id": 48,
              "attr": {
                "style": {
                  "background": "#00CCFF"
                }
              }
            },
            "3": {
              "title": "panedFrame",
              "id": 49,
              "attr": {
                "style": {
                  "background": "#00CCFF"
                }
              }
            },
            "4": {
              "title": "pagedWindow",
              "id": 50,
              "attr": {
                "style": {
                  "background": "#00CCFF"
                }
              }
            },
            "5": {
              "title": "subWindow",
              "id": 51,
              "attr": {
                "style": {
                  "background": "#00CCFF"
                }
              }
            },
            "6": {
              "title": "frame",
              "id": 52,
              "attr": {
                "style": {
                  "background": "#00CCFF"
                }
              }
            },
            "7": {
              "title": "scrollPane",
              "id": 53,
              "attr": {
                "style": {
                  "background": "#00CCFF"
                }
              }
            }
          }
        },
        "-0.9375": {
          "title": "images",
          "id": 5,
          "ideas": {
            "1": {
              "title": "image",
              "id": 54,
              "attr": {
                "style": {
                  "background": "#99CC00"
                }
              }
            },
            "2": {
              "title": "imageData",
              "id": 55,
              "attr": {
                "style": {
                  "background": "#99CC00"
                }
              }
            },
            "3": {
              "title": "animatedImage",
              "id": 56,
              "attr": {
                "style": {
                  "background": "#99CC00"
                }
              }
            },
            "4": {
              "title": "imageMap",
              "id": 57,
              "attr": {
                "style": {
                  "background": "#99CC00"
                }
              }
            }
          },
          "attr": {
            "style": {
              "background": "#008000"
            },
            "position": [
              123.93750000000011,
              -436.31250000000006,
              24
            ]
          }
        },
        "13.5": {
          "title": "widgets",
          "id": 4,
          "ideas": {
            "1": {
              "title": "label",
              "id": 12,
              "attr": {
                "style": {
                  "background": "#FF9900"
                }
              }
            },
            "2": {
              "title": "entry",
              "id": 13,
              "attr": {
                "style": {
                  "background": "#FF9900"
                }
              }
            },
            "3": {
              "title": "button",
              "id": 14,
              "attr": {
                "style": {
                  "background": "#FF9900"
                }
              }
            },
            "10": {
              "title": "meter",
              "id": 21,
              "attr": {
                "style": {
                  "background": "#FF9900"
                }
              }
            },
            "11": {
              "title": "properties",
              "id": 22,
              "attr": {
                "style": {
                  "background": "#FF9900"
                }
              }
            },
            "12": {
              "title": "separator",
              "id": 23,
              "attr": {
                "style": {
                  "background": "#FF9900"
                },
                "position": [
                  202.3125,
                  105.31250000000011,
                  4
                ]
              }
            },
            "13": {
              "title": "link",
              "id": 24,
              "attr": {
                "style": {
                  "background": "#FF9900"
                },
                "position": [
                  213.3125,
                  152.3125000000001,
                  2
                ]
              }
            },
            "14": {
              "title": "grip",
              "id": 25,
              "attr": {
                "style": {
                  "background": "#FF9900"
                },
                "position": [
                  209.3125,
                  200.3125000000001,
                  3
                ]
              }
            },
            "15": {
              "title": "datePicker",
              "id": 26,
              "attr": {
                "style": {
                  "background": "#FF9900"
                }
              }
            },
            "16": {
              "title": "microBit",
              "id": 63,
              "attr": {
                "style": {
                  "background": "#FF9900"
                }
              }
            },
            "17": {
              "title": "pieChart",
              "id": 64,
              "attr": {
                "style": {
                  "background": "#FF9900"
                }
              }
            },
            "18": {
              "title": "tree",
              "id": 66,
              "attr": {
                "style": {
                  "background": "#FF9900"
                },
                "position": [
                  203.3125,
                  286.3125,
                  18
                ]
              }
            },
            "19": {
              "title": "grid",
              "id": 67,
              "attr": {
                "style": {
                  "background": "#FF9900"
                },
                "position": [
                  199.3125,
                  328.3125,
                  19
                ]
              }
            },
            "20": {
              "title": "matPlotLib",
              "id": 68,
              "attr": {
                "style": {
                  "background": "#FF9900"
                }
              }
            },
            "7.5": {
              "title": "optionBox",
              "id": 16,
              "attr": {
                "style": {
                  "background": "#FF9900"
                },
                "position": [
                  225.3125,
                  -224.6874999999999,
                  15
                ]
              }
            },
            "7.75": {
              "title": "listBox",
              "id": 17,
              "attr": {
                "style": {
                  "background": "#FF9900"
                },
                "position": [
                  221.3125,
                  -178.6874999999999,
                  16
                ]
              }
            },
            "7.875": {
              "title": "spinBox",
              "id": 70,
              "attr": {
                "style": {
                  "background": "#FF9900"
                },
                "position": [
                  223.3125,
                  -139.6874999999999,
                  17
                ]
              }
            },
            "10.5": {
              "title": "scale",
              "id": 18,
              "attr": {
                "style": {
                  "background": "#FF9900"
                }
              }
            },
            "4.625": {
              "title": "message",
              "id": 19,
              "attr": {
                "style": {
                  "background": "#FF9900"
                }
              }
            },
            "5.234375": {
              "title": "checkBox",
              "id": 15,
              "attr": {
                "style": {
                  "background": "#FF9900"
                },
                "position": [
                  225.3125,
                  -267.6874999999998,
                  13
                ]
              }
            },
            "5.1328125": {
              "title": "textArea",
              "id": 20,
              "attr": {
                "style": {
                  "background": "#FF9900"
                }
              }
            },
            "5.18359375": {
              "title": "radioButton",
              "id": 69,
              "attr": {
                "style": {
                  "background": "#FF9900"
                },
                "position": [
                  223.3125,
                  -309.6874999999998,
                  14
                ]
              }
            }
          },
          "attr": {
            "position": [
              137.68749999999977,
              -223.8125000000001,
              25
            ],
            "style": {
              "background": "#FF6600"
            }
          }
        }
      },
      "attr": {
        "style": {
          "background": "#000000"
        }
      }
    }
  },
  "title": "appJar"
}